cusip,modified_comp_name,factiva_tag,manual_tag
_68243Q10_,1-800-FLOWERS.COM,eighfl,eighfl
_45244M10_,1MAGE SOFTWARE INC,insol,insol
_31867L10_,FIRST BANCORP IND,,
_33740710_,1ST UNITED BANCORP,,
_90130N10_,21st CENTURY INSURANCE GROUP,frmgrp,
_00203310_,A PLUS NETWORK INC,,
_00234P10_,A V HOMES INC,,
_00440410_,ACE COMMUNICATION CORP,,
_00098110_,ACI TELECENTRICS INC,,
_00492910_,ACORDIA INC,,
_00507P10_,ACTRADE FINANCIAL TECHNOLOGIES LTD,,
_00088510_,ADCO TECHNOLOGIES INC,adctch,
_00674330_,ADDVANTAGE TECHNOLOGIES GROUP ,,
_00684710_,ADELPHIA BUSINESS SOLUTIONS,,
_00750X10_,ADVANCED COMMUNICATION SYSTEM INC,,
_00754810_,ADVANCED TECHNICAL PRODUCTS INC,tpghol,
_00739W10_,ADVANCE AMERICA CASH ADVANCE CENTER,,
_00752110_,ADVANCED DEPOSITION TECHNOLOGY INC,,
_00794710_,ADVANCED ENVIRONMENT RECYCLE,,
_00754A10_,ADVANCED FIBRE COMMUNICATION INC,,
_00795410_,ADVANCED INTERVENTIONAL SYS,,
_00761E10_,ADVANCED POWER TECHNOLOGY INC,adpote,adpote
_00757V10_,ADVANCED SWITCHING COMMUNICATION INC,,
_00818210_,AFFILIATED BANKSHARES COLORADO,afbk,
_00819010_,AFFILIATED COMPUTER SERVICES,,
_00836310_,AG CHEM EQUIPMENT INC,,
_00855D10_,AGRITOPE INC,,
_00926910_,AIRBORNE INC,arbrn,
_00952510_,AIRWAYS CORP,jetblu,
_01408610_,ALDEN  ELECTRIC ONICS INC,,
_01538420_,ALEXZA PHARMACTCLS INC,,
_01747F10_,ALLEGIANCE BANCORP INC,,
_01849410_,ALLERGAN SPCLTY THERAPEUTICS,,
_01988P10_,ALLSCRIPTS HEALTHCARE SOLTNS,,
_02083910_,ALPINE MEADOWS TAHOE INC,,
_02145P10_,ALTERNATE MARKETING NETWORKS,,
_02206010_,ALTOS COMPUTER SYS,,
_02266310_,AMALGAMATED BANK NEW YORK N Y,,
_02317820_,AMBASSADORS INTERNATIONL INC,,
_02390510_,AMDAHL CORP,,
_02375810_,AMERICA AIRCARRIERS SUPPORT INC,,
_02476B10_,AMERICA BUSINESS FINANCIAL SERVICES INC,,
_02523610_,AMERICA CONSUMER PRODUCTS INC,,
_02527820_,AMERICA COUNTRY HOLDINGS INC,,
_02649620_,AMERICA HEALTHCARE MANAGEMENT,usahrq,
_02742510_,AMERICA MEDICAL  ELECTRONICS INC,,
_02891110_,AMERICA RESIDENTIAL SERVICES INC,,
_02365B10_,AMERICA ONLNE LATIN AMERICA,,
_02407E10_,AMERICAN BANCORP NEW JERSEY INC,,
_02407640_,AMERICAN BANCORP OHIO,prewsc,
_02432710_,AMERICAN BANK CONNECTICUT WATERBURY,,
_02461P10_,AMERICAN BIODYNE INC,,
_02514310_,AMERICAN CITY BUS JOURNALS,,
_02501810_,AMERICAN CAPITAL MANAGEMENT AND RESEARCH,,
_02553T20_,AMERICAN EDUCATIONAL PRODUCT,,
_02567620_,AMERICAN EQUITY INVESTMENT LIFE HOLDING,,
_02635110_,AMERICAN GENERAL CORP,aiu,
_02652210_,AMERICAN HERITAGE LIFE INVESTMENT,,
_02675910_,AMERICAN INDTY FINANCIAL CORP,,
_02733920_,AMERICAN MAIZE  PRODUCTS,arch,
_02739710_,AMERICAN MATLS AND TECHNOLOGY CORP,,
_02744M10_,AMERICAN MEDICAL SYSTEMS HOLDINGS,,
_02916P10_,AMERICAN RAILCAR INDUSTRIES INC,colhsp,
_02890710_,AMERICAN RECREATION CO HOLDINGS,,
_02922710_,AMERICAN RENAL ASSOCIATION HOLDINGS,,
_02940410_,AMERICAN SAVINGS BANK-NY,,
_02965430_,AMERICAN SKIING CO,,
_02986110_,AMERICAN STATES FINANCIAL CORP,,
_03018710_,AMERICAN TV AND COMMUNICATION,,
_02553E10_,AMERICAN EAGLE OUTFITTERS INC,,
_03072M10_,AMERUS GROUP CO,,
_03153610_,AMISYSTEMS MANAGED CARE SYSTEMS INC,,
_03349010_,ANDATCO INC,,
_00181E10_,ANFI INC,,
_03665E10_,ANTE4 INC,,
_03674U30_,ANTHERA PHARMACEUTCLS INC,,
_03760420_,APOLLO GROUP UNIV PHOENIX ONLN,,
_03763A20_,APOLLO MEDICAL HOLDING INC,,
_03815310_,APPLIED COMPUTER TECHNOLOGY INC,,
_03819610_,APPLIED EXTRUSION TECH,,
_03793720_,APPLIED GRAPHICS TECHNOLOGY INC,,
_03821310_,APPLIED MAGNETICS CORP,,
_03823610_,APPLIED SCIENCE AND TECH,,
_03839G10_,AQUANTIVE INC,,
_03843E10_,AQUESTIVE THERAPETC INC,,
_03839F10_,AQUILA BIOPHARM INC,,
_03910110_,ARCADIA FINANCIAL LTD,,
_03978210_,ARDEN INTERNATIONAL KITCHEN INC,,
_04010A10_,ARGENT BANK LOUISIANA,,
_04045110_,ARITECH CORP DELAWARE,,
_04300910_,ARTEL COMMUNICATIONS CORP,,
_04301310_,ARTERIAL VASCULAR ENGR INC,,
_04508010_,ASHTON-TATE CO,,
_04517410_,ASK JEEVES INC,,
_04544X30_,ASSISTED LIVING CONCEPTS INC,,
_04639010_,ASTROCOM CORP,,
_04649910_,ATALANTA SOSNOFF CAPITAL CORP,,
_04743P10_,ATHEROS COMMUNICATIONS INC,,
_04762010_,ATKINSON G F CO CALIFORNIA,,
_04911A10_,ATLANTIC UNION BANKSHRS CRP,,
_04962G10_,ATRIA SOFTWARE INC,vrdxc,
_04962L10_,ATRIX LABORATORIES INC,,
_05329E10_,AUTOMOTIVE INDUSTRIES HOLDINGS,autnd,autnd
_05334D10_,AUXILIUM PHARMA INC,,
_05355510_,AVEMCO CORP,,
_05460210_,AXIOHM TRANSACTION SOLUTIONS,,
_05714910_,BAKER MICHAEL CORP,,
_05981510_,BANDAG INC,,
_88331E10_,BANK HOLDINGS INC,carlna,
_06289610_,BANK KY FINANCIAL CORP,,
_06330410_,BANK LOS ANGELES/CA,prfbkl,
_06158910_,BANK OF COMMUNICATION COMMERCE SAN DIEGO,,
_06420610_,BANK OF THE NORTHWST PORTLND,,
_06683D10_,BANYAN MORTGAGE INVEST  LP,,
_07309820_,BAYPORT RESTAURANT GROUP ,,
_07333410_,BEACH FIRST NATIONAL BANCSHRS SOUTH CAROLINA,,
_07784210_,BELL W. AND CO INC,,
_08146510_,BEN AND JERRY'S HOMEMDE,,
_08410210_,BERINGER WINE EST HLD,,
_08606310_,BERTUCCIS INC,,
_08633820_,BESICORP GROUP INC,,
_08775010_,BETTIS CORP,,
_08785130_,BEVERLY ENTERPRISES INC,,
_05541210_,BFX HOSPITALITY GROUP,hspgrp,
_08915910_,BIG FLOWER HOLDINGS INC,enrghd,
_08948210_,BIG ROCK PRTN ACQUISITION CORP,,
_09065G10_,BIOFORM MEDICAL INC,armdc,
_09066J10_,BIOSURFACE TECHNOLOGY INC,,
_09090510_,BIOTECH RESEARCH LABS INC,,
_09179110_,BIZNESSONLINE.COM INC,,
_09206710_,BLACK HAWK GAMING AND DEV CO INC,,
_09238E10_,BLACKHAWK NETWORK HOLDINGS INC,blacni,blacni
_09321010_,BLANCH E W HOLDINGS INC,,
_09347710_,BLAU BARRY AND PARTNERS INC,,
_09354610_,BLISS AND LAUGHLIN IND INC,,
_09367110_,BLOCK H AND R INC,,
_09367610_,BLOCKBUSTER ENMNT CORP,,
_09523Q20_,BLUE APRON HOLDNG INC,,
_09629F10_,BLUEGREEN VACATNS CORP,,
_09665010_,BOATMENS BANCSHARES INC,,
_05564W10_,BOE FINANCIAL SERVICES VA,,
_09740310_,BOISE CASCADE OFFICE PDS CORP,,
_09769810_,BOLT TECHNOLOGY CORP,,
_09972F10_,BOREL BANK AND TR CO SAN MATEO,,
_10058210_,BOSTON COMMUNICATIONS GROUP,belatt,
_10157Q10_,BOULEVARD ACQUISITION CORP II,,
_10259510_,BOWLIN OUTDOOR AD AND TRAVEL CENTRE ,,
_10290410_,BOX WORLDWIDE INC,,
_10540930_,BRANFORD SAVINGS BANK CONNECTICUT,,
_10567B10_,BRAVO BRIO RESTAURANT GROUP  INC,,
_10670210_,BREED TECHNOLOGIES INC,,
_10709010_,BRENDLES INC,,
_10861110_,BRIDGEVILLE SAVINGS BANK FSB PENNSYLVANIA,,
_10919410_,BRIGHT HORIZONS FAMILY SOLTN,,
_10922N10_,BRIGHTHOUSE FINANL INC,,
_11004110_,BRISTOL HOTEL AND RESORT INC,,
_11133T10_,BROADRIDGE FINANCIAL SOLUTNS,,
_11483830_,BROUGHTONS FOODS CO,,
_11739410_,BRUNSWICK TECHNOLOGIES INC,,
_11835A10_,BUCKHEAD AMERICA CORP,,
_12003510_,BUGABOO CREEK STEAKHSE INC,,
_11991640_,BUILDERS WHSE ASSN INC,,
_12011410_,BUILDING ONE SERVICES CORP,,
_12237410_,BURNS INTERNATIONAL SERVICES CORP,,
_12365510_,BUTLER MFG CO,,
_12500B10_,C-BRIDGE INTERNET SOLTNS INC,,
_12592010_,C-MAC INDUSTRIES INC,,
_12692410_,CABLE DESIGN TECHNOLOGY CORP,cbldst,
_12685910_,CABLEMAXX HOLDINGS INC,,
_12768610_,CAESARS ENTERTAINMENT CORP,stacas,
_12989410_,CALIBER SYSTEMS INC,,
_13022210_,CALIF FIRST NATIONAL BANCORP,,
_13063010_,CALIF STATE BANK COVINA,,
_12802610_,CALIFORNIA FED BANCORP INC,,
_13078810_,CALIFORNIA WATER SERVICE GROUP ,,
_13142910_,CALUMET INDUSTRIES INC,,
_13191610_,CAM COMMUNICATION SOLUTIONS INC,,
_13329010_,CAMERON ASHLEY BUILDING PRODUCT INC,,
_13342910_,CAMERON IRON WORKS,,
_13462410_,CAMPO  ELECTRIC S APPLIAN AND COMP,,
_13749310_,CANDYS TORTILLA FACTORY INC,,
_13779810_,CANNONDALE CORP,,
_13973410_,CAPITAL BANCORP/FL,sanbar,
_13985910_,CAPITAL CITIES ABC INC,cccom,
_13990510_,CAPITAL FACTORS HOLDING INC,,
_14110610_,CARBON ENERGY CORP - OLD,,
_14154610_,CARDINAL STATE BANK,,
_14190610_,CARDIOMETRICS INC,,
_14160M10_,CARDIOVASCULAR IMAGING SYS,,
_14406010_,CAROLINA NATIONAL CORP,scnc,
_14416210_,CAROLINA SOUTHERN BANK SPARTANS,,
_14628510_,CARTER-WALLACE INC,,
_14739910_,CASCO INTERNATIONAL INC,,
_14947310_,CATTLEMANS INC,,
_15091710_,CELLULAR COMMUNICATION INC,mcccc,
_15116N10_,CELLULAR COMMUNICATIONS P R,,
_15136A10_,CENTENNIAL RES DVLPMNT INC,,
_15136810_,CENTENNIAL SPECLTY FOODS CORP,,
_15201210_,CENTERSPAN COMMUNICATION CORP,kiii,
_15231710_,CENTIGRAM COMMUNICATIONS CORP,,
_15234210_,CENTOCOR INC,,
_15235710_,CENTRAL AND SOUTH WEST CORP,sothco,
_15236210_,CENTRAL AND SOUTHN HOLDING CO GA,,
_15343510_,CENTRAL EUROPEAN DIST CORP,,
_15347010_,CENTRAL FINANCIAL ACCEP CORP,,
_15556010_,CENTRAL TRACTOR FARM AND CENTRE Y,,
_15577110_,CENTRAL VERMONT PUB SERV,,
_15640T10_,CENTURA BANKS INC,sunfla,
_15643310_,CENTURY BANCORP INC/NC,cntbcl,
_15871110_,CHAMPNSHIP AUTO RACING TEAM,,
_15891010_,CHANCELLOR BROADCSTNG,,
_16115110_,CHART ACQUISITION CORP,,
_16122320_,CHARTER FED SAVINGS BANK BRISTOL,,
_16090310_,CHARTER ONE FINANCIAL INC,,
_16281420_,CHECKMATE  ELECTRIC S INC,,
_16411W10_,CHENIERE ENERGY PTNRS LP LLC,,
_16514610_,CHESAPEAKE BIOLOGICAL,,
_16633510_,CHESTER VY BANCORP INC,,
_16715510_,CHICAGO AND NO WESTERN TRANS CO,,
_16875K20_,CHILDRENS COMPREHENSIVE SERVICE,,
_16875720_,CHILDRENS DISCOVERY,,
_16938R10_,CHINA FIRE AND SECURTY GROUP INC,,
_16939V20_,CHINA HOUSING AND LAND DEV INC,,
_16944H10_,CHINA INFRASTRUCTURE INVESTMENT,,
_16944E10_,CHINA INSONLINE CORP,,
_16944210_,CHINA MEDIAE EXPRESS HOLDINGS INC,,
_16942J10_,CHINA SECURITY AND SURV TECH,,
_16941X10_,CHINA SHENGHUO PHARM HOLDINGS,,
_17004010_,CHIRON CORP,,
_17038P10_,CHOICE ONE COMMUNICATION INC,,
_17119610_,CHRYSLER CORP,,
_17312410_,CITIZENS AND SOUTHERN CORP GA,,
_17461910_,CITIZENS FIRST BANCORP INC NEW JERSEY,,
_17667210_,CITIZENS SEC GROUP INC,,
_18145710_,CLARK INC,clrkjl,
_18272820_,CLASSIC COMMUNICATIONS INC,coxc,
_18506110_,CLEARPOINT BUSINESS RESOURCS,,
_78442T10_,CML HOLDINGS INTERNATIONAL LLC,,
_12594610_,CN BIOSCIENCES INC,cnbio,
_18976310_,CO-DIAGNOSTIC INC,,
_19075010_,COBANCORP INC,cmrclb,
_19089310_,COBE LABORATORIES INC,msmd,
_19247810_,COHERENT COMMUNICATIONS SYS,,
_19259L10_,COINMACH LAUNDRY CORP,,
_19329410_,COLE KENNETH PRODUCTINC,,
_19419410_,COLLAGEN AESTHETIC INC,,
_19419B10_,COLLAGENEX PHARMACEUTCLS INC,,
_19562420_,COLONIAL COS INC,,
_19764R10_,COLUMBIA FINANCIAL KY INC,,
_19790110_,COLUMBIA FIRST BANK WASH D C,,
_19841510_,COLUMBIA SAVINGS AND LOAN ASSOCIATION,,
_20009P10_,COMBICHEM INC DELAWARE L,,
_20221710_,COMMUNICATIONERCIAL NATIONAL FINANCIAL CORP PENNSYLVANIA,,
_20334910_,COMMUNICATIONONWLTH TELE ENTER,,
_20342P10_,COMMUNITY BANCORP INC/CA,qcsbus,
_20343B10_,COMMUNITY BANCORP/NJ,qcsbus,
_20356610_,COMMUNICATION COMMUNITY BANK NORTHERN VA,,
_20363B10_,COMMUNICATION COMMUNITY CARE AMERICA INC,,
_20363J10_,COMMUNICATION COMMUNITY CENTRAL BANK CORP,,
_20452H10_,COMPLETE WELLNESS CENTRE S INC,,
_20485310_,COMPUTER ACCESS TECHNOLOGY CORP,,
_20568420_,COMSTOCK HOLDING COS INC,cmshci,
_20589T10_,CONCENTRA MANAGED CARE INC,ocusus,
_20602T10_,CONCERTO SOFTWARE INC,,
_20726010_,CONGRESS STREET PROPERTY S INC,,
_20902E10_,CONS CIGAR HOLDINGS INC,,
_20935C20_,CONSD HEALTH CARE ASSOCIATION INC,,
_20846910_,CONSEP INC,,
_21037310_,CONSTELLATION PHARMCTCL,,
_21043010_,CONSTON CORPORATION,,
_21044C10_,CONSTRUCTION PRTNR INC,,
_21090410_,CONTEL CELLULAR INC,contel,
_21111310_,CONTINENTAL BANK CORP,,
_21118810_,CONTINENTAL CAN DELAWARE,,
_21149710_,CONTINENTAL INFORMATN SYSTEMS CORP,,
_21215T30_,CONTINENTAL WASTE INDUSTRIES INC,,
_21662410_,COOPER AND CHYAN TECHNOLOGY INC,,
_21835010_,CORCAP INC,,
_21925D10_,CORNERSTNE BULDNG BRNDS INC,,
_21923C10_,CORNERSTONE INTERNET SOLTNS,,
_21924P10_,CORNERSTONE THERAPEUTICS INC,,
_22003710_,CORPORATE SOFTWARE INC,,
_22025610_,CORRECTIONS CORP OF AMERICA,,
_22160610_,COSTAR CORP,dpkg,
_22410J10_,CRACKER BARREL OLD CENTRE Y STOR,,
_22523310_,CRAZY WOMAN CREEK BNCRP INC,,
_22527010_,CREATIVE BIOMOLECULES INC,,
_22528Q10_,CREATIVE PROGRM TECHNOLOGY VENTURE,,
_22563710_,CRESCENDO PHARM CORP,,
_22663K10_,CRINETICS PHARMCTCL INC,,
_22748010_,CROSS CONTNT AUTO RETAILERS,,
_22821930_,CROWN CENTRAL PETROL,,
_22541L10_,CSFBDIRECT,,
_12639V10_,CST ENTERTAINMENT INC,,
_22945C10_,CTPARTNERS EXEC SEARCH INC,,
_23002910_,CULLIGAN WATER TECHNOLOGY INC,,
_23126W10_,CURATIVE HEALTH SERVICES INC,heas,
_23138210_,CURTICE-BURNS FOOD,,
_21254010_,CVEO CORP,cnvse,
_23246210_,CYBERCASH INC,cyberc,
_23290710_,D S BANCOR INC,,
_23386030_,DAIRY MART CONVENIENCE STRS,,
_23437N10_,DALEEN TECHNOLOGIES INC,,
_23750210_,DARWIN PROFESSIONAL UNDWRTS,,
_23766910_,DATA DOCUMENTS INC DELAWARE,,
_23782310_,DATA PROCESSING RES CORP,,
_23801710_,DATA TRANSMISSION NETWORK,,
_23791410_,DATAIMAGE INC,,
_24240V10_,DEAN WITTER DISCOVER AND CO,ual,
_24344T10_,DECIPHERA PHRMCTAL INC,,
_24507710_,DEL FRISCOS RESTURNT GROUP INC,,
_24823R10_,DENALI THERAPEUTCS INC,,
_24863110_,DENNISON MFG CO,,
_25367630_,DIEHL GRAPHSOFT INC,,
_25390210_,DIGITAL COMMUNICATIONS ASSOCIATION,,
_25385G10_,DIGITAL IMPACT INC,,
_25385610_,DIGITAL LINK CORP,fibch,
_25490A30_,DIRECTV,,
_25465310_,DISCOUNT CORP NY DELAWARE L,,
_25470F10_,DISCOVERY INC,discha,
_25468710_,DISNEY WALT CO,,
_25510410_,DIVERSICARE HEALTHCARE SERVICES,advinc,
_25491910_,DIVERSIFIED COMMUNICATIONS,rogecs,
_25659P40_,DOLAN CO,,
_25715910_,DOMINICKS SUPERMARKETS INC,,
_25786M10_,DONNELLEY ENTERPRISE SOLTNS,,
_25787G10_,DONNELLEY FINANCIAL SOLTNS,,
_25985810_,DOV PHARMACEUTICAL INC,,
_26138E10_,DR PEPPER SNAPPLE GROUP INC,,
_26159710_,DRESSER INDUSTRIES INC,,
_26209810_,DRKOOP.COM INC,drkopi,
_26613X10_,DUPONT PHOTOMASKS INC,,
_26633210_,DURACRAFT CORP,,
_26633410_,DURAKON INDUSTRIES INC,,
_26792760_,DYNAMIC HEALTHCARE TECHNOLOGY INC,,
_26803910_,DYNAMICS CORP OF AMER,,
_26932910_,E-Z SERVE CORP,,
_26791110_,EA ENGINEERING SCIENCE AND TECH,,
_26951K10_,EAGLE FINANCE CORP,,
_27031510_,EARTH TECHNOLOGY CORP-USA,avidtc,
_27032210_,EARTHLINK NETWORK INC,,
_27616L10_,EASTERLY ACQUISITION CORP,,
_27636910_,EASTN ENVIRONMENT SERVICE,,
_27864210_,EBAY INC,yahcor,
_27874710_,ECHELON INTERNATIONAL CORP,,
_27900H10_,ECOMETRY CORP,,
_28103310_,EDISON SCHOOLS INC,becned,
_28176010_,EDWARDS A G INC,apche,
_28166710_,EDWARDS J D AND CO,,
_28201710_,EFFECTIVE MANAGEMENT SYSTEMS INC,,
_28205610_,EFFICIENT NETWORKS INC,cabtrn,
_28287910_,EL CHICO RESTAURANTS INC,rckbot,
_28414H10_,ELANCO ANIMAL HLTH INC,,
_28586110_, ELECTRIC  TELECOMMUNICATION CTN,,
_28484920_, ELECTRIC AMECCANICA VEHS CORP,,
_28566110_, ELECTRIC ONIC DATA SYSTEMS CORP,,
_28582510_, ELECTRIC ONIC RETAILNG SYSTEMS INTERNATIONAL,,
_28659M10_,ELITE INFORMATION GROUP INC,,
_29084310_,EMCON,,
_29100P10_,EMERGENCY MEDICAL SERVICES CORP,,
_29250R10_,ENBRIDGE ENERGY PRTNRS  LP,,
_29256E10_,ENCORE MEDICAL CORP,,
_29295610_,ENDOVASCULAR TECHNOLOGY INC,,
_29272B10_,ENDURANCE INTERNATIONAL GROUP HOLDINGS INC,cogent,
_29297310_,ENESCO GROUP INC,,
_29284510_,ENGELHARD CORP,,
_29336110_,ENLIVEN MARKETING TECHNOLOGY CORP,,
_29355Y10_,ENPATH MEDICAL INC,stjm,
_29356M10_,ENRON GLOBAL  POWER  AND PIPELINES,,
_26874410_,ENSR CORP,,
_29361410_,ENTASIS THRPTCS HLDNG,,
_29371110_,ENTERPRISE FED BANCORP INC,,
_29393110_,ENTERTAINMENT PUBLISHING CORP,epub,
_29409040_,ENVIRON TECHNOLOGIES USA INC,,
_29392810_,ENVIRONMENTAL CONTROL GROUP  INC,,
_29406930_,ENVIRONMENTAL SAFEGUARDS INC,,
_29396110_,ENVIRONMENTL TECHNOLOGIES CORP,,
_29394110_,ENVIROQ CORP,,
_26881Q30_,EPIX PHARMACUETICALS INC,,
_29667J10_,ESQUIRE FINCL HOLD INC,,
_29667710_,ESQUIRE RADIO AND  ELECTRIC ON INC,,
_29669A10_,ESSENTIAL THERAPEUTICS INC,,
_29786210_,ETOYS INC,toyrus,
_26926P30_,EVCI CAREER COLLEGES HOLDING CORP,,
_29977G10_,EVERBANK FINANCIAL CORP,,
_30043910_,EVERYWARE GLOBAL INC,,
_30067V10_,EXCEL SWITCHING CORP,,
_30090610_,EXCELSIOR-HENDERSON MTRCYCLE,,
_30205210_,EXIDE  ELECTRIC ONICS GROUP INC,,
_30208810_,EXODUS COMMUNICATIONS INC,intccs,
_30239810_,F B AND T FINANCIAL CORP,,
_30305110_,FACTORY CARD OUTLET AND PTY CORP,,
_30309410_,FACTUAL DATA CORP,fctldc,
_30779N10_,FARMERS AND MERCHANTS BCP OHIO,,
_31303510_,FAYS INC,,
_31314830_,FEDERAL AGRICULTURE MORTGAGE CORP,,
_31340030_,FEDERAL HOME LOAN MORTG CORP,,
_31358610_,FEDERAL NATIONAL MORTGA ASSN,,
_31592410_,FIDELITY FINANCIAL BANKSHARES CORP,snatco,
_31620P10_,FIDELITY NATIONAL INFO SOLTNS,,
_31686610_,FILENES BASEMENT CORP,,
_31758810_,FINANCIAL INSTNS INSURANCE GROUP,,
_31766010_,FINANCIAL SEC CORP DELAWARE,,
_31770610_,FINANCING FOR SCIENCE INTERNATIONAL,,
_31786710_,FINGERHUT COMPANIES INC,,
_31787010_,FINGERMATRIX INC,,
_31928610_,FIRST BKG CO SOUTHEAST GA,,
_31939510_,FIRST CALIF FINANCIAL GROUP INC,,
_31943610_,FIRST CHARTER BANK NA,,
_31959310_,FIRST CITY BANCORP TEXAS DELAWARE,,
_31961010_,FIRST CITY BANK NEW BRITIAN CO,,
_31985E20_,FIRST COMMUNITY BANK CORP AMER,fbbcaa,fbbcaa
_31977710_,FIRST COMMUNICATION BANCSHARES,,
_31982910_,FIRST COMMUNICATIONONWLTH FINANCIAL CORP PENNSYLVANIA,,
_32021B10_,FIRST FED BANCSHARES INC DELAWARE,,
_32021X10_,FIRST FED NOR MICH BANCORP,,
_32018N10_,FIRST FED SAVINGS BANK BRUNSWICK,,
_32019Q10_,FIRST FEDERAL BNCSHS EAU CLR,,
_32021010_,FIRST FINANCIAL BANCORP INC FLORIDA,,
_32020910_,FIRST FINANCIAL BANCORP INC OHIO,,
_31994410_,FIRST FSLA EAST HARTFORD CONNECTICUT,,
_32058A10_,FIRST INVESTORS FINANCIAL SERVICES GROUP ,,
_32079510_,FIRST MARINER BANCORP,,
_32111B10_,FIRST NATIONAL BANCSHARES INC SOUTH CAROLINA,,
_33583410_,FIRST NORTHWEST BANCRP,,
_33610T10_,FIRST PLACE FINANCIAL CORP DELAWARE,,
_33621E10_,FIRST SAVINGS FINANCIAL GROUP ,,
_33644E10_,FIRST SOUTHEAST FINANCIAL CORP,firsfn,firsfn
_33690710_,FIRST STATE CORP,,
_33708M20_,FIRST STATE FINANCIAL CORP FLORIDA,,
_33741E10_,FIRST UTD BANCSHARES INC ARKANSAS,,
_33748430_,FIRST VIRTUAL COMMUNICATIONS,,
_33748R10_,FIRST WASH FINANCIAL CORP,,
_33749810_,FIRST WESTERN BANK NC,,
_33751L10_,FIRST WSTRN FINNCIL INC,,
_33761310_,FIRSTBANK ILL CO,,
_33763T10_,FIRSTCOM CORP,,
_33761R10_,FIRSTFED MICH CORP,,
_33913010_,FLEMING COMPANIES INC,,
_34387110_,FLUOROSCAN IMAGING SYSTEMS INC,,
_34417P10_,FOCUS FINANCL PRTNR LLC,,
_34553D10_,FORESCOUT TECHNOLOGY INC,,
_35038410_,FOTOBALL USA INC,,
_35039210_,FOUNDATION BUILDING MRL INC,,
_35054310_,FOUNDERS FINANCIAL GROUP,,
_35075530_,FOUNTAIN POWERBOAT INDUSTRIES INC,,
_35086T10_,FOUR CORNERS PROPERTY TR INC,,
_35168110_,FRACTAL DESIGN CORP,,
_35426710_,FRANKLIN OPHTHALMIC INSTRS,,
_35582430_,FREDERICKS OF HOLLYWD,,
_35671N10_,FREEPORT MCMORAN OIL&GAS CO,fmcc,
_35803R10_,FRESH AMERICA CORP,,
_33584720_,FIRST OAK BROOK BANCSHR,,
_36111560_,FURRS RESTAURANT GROUP,arestg,
_36112910_,FUSION SYSTEMS CORP,,
_36291310_,GALAGEN INC,,
_36409110_,GALOOB TOYS INC,lwgt,
_36467J10_,GAMING AND LEISURE PROPERTY S,,
_36471910_,GANDER MOUNTAIN INC,,
_36473U20_,GANTOS INC,cto,
_36541P10_,GARDEN RIDGE CORP,,
_36740830_,GATES F A DISTRIBUTING INC,,
_36814510_,GAYLORD CONTAINER CORP,gyldc,
_36933P10_,GENERAL CIGAR HOLDINGS,,
_36938610_,GENERAL COMPUTER CORP INC,,
_37006410_,GENERAL HOST CORP,,
_37030710_,GENERAL MICROWAVE CORP,,
_37193110_,GENESYSTEMS TELECOMMUNICATION LABS INC,,
_37228210_,GENICOM CORP,,
_37329870_,GEORGIA-PACIFIC TIMBER CO,grgpac,
_37429210_,GETTY PETROLEUM MKTG INC,,
_36169210_,GFSB BANCORP INC,,
_37476210_,GIBSON CR CO,,
_37679610_,GLAS AIRE INDUSTRIES GROUP LTD,,
_37848710_,GLENDALE CO-OPERATIVE BANK,,
_37950B10_,GLOBAL DEFNSE TCH AND SYSTEMS INC,,
_37933510_,GLOBAL INDUSTRIAL TECHNOLOGY INC,,
_37947B10_,GLOBAL TRAFFIC NETWORK INC,,
_37954N20_,GLOBE SPECIALTY METALS INC,,
_37957V10_,GLOBESPANVIRATA INC,,
_36202210_,GNI GROUP INC,ccred,
_38105N10_,GOLDEN GENESIS CO,,
_38123610_,GOLDN VALLEY MICROWAV,,
_38093410_,GOLDOME BUFFALO NY,,
_38157530_,GOLDWYN SAMUEL CO,,
_38285910_,GOREMOTE INTERNET COMMUNICATION INC,,
_38463210_,GRAHAM FIELD HEALTH PDS,,
_38519420_,GRAND ADVANCED TOUR AND TRVL PBLG CORP,,
_38617610_,GRAND PRIX ASSN LONG BEACH,,
_38990810_,GREAT AM BANK SAN DIEGO,,
_38991510_,GREAT AMERN FINANCIAL RESOURCES,,
_39305910_,GREEN A.P. INDUSTRIES INC,kanpwr,
_39505810_,GREENFIELD INDUSTRIES INC DELAWARE,,
_39948110_,GROVE BANK BRIGHTON MA,,
_40009610_,GRUBB AND ELLIS REALTY ADVISRS,,
_36238G10_,GSI COMMUNICATION COMMERCE INC,,
_40252G10_,GULF SOUTH MED SUPPLY INC,,
_40442910_,HA2003 INC,,
_40501V10_,HADSON CORP,,
_40589110_,HALL FRANK B. AND CO,,
_40636V20_,HALLWOOD CONS RES CORP,,
_40654510_,HAMBRECHT AND QUIST GROUP INC,,
_40676410_,HAMBURGER HAMLET RESTR INC,,
_40701T10_,HAMILTON BEACH BND HDNG,,
_41014S10_,HANCOCK JOHN FINANCIAL SERVICES INC,,
_41052210_,HANNA M A CO,kmetal,
_41139110_,HAPPY KIDS INC,,
_41162820_,HARCOR ENERGY CO,,
_41163110_,HARCOURT BRACE JOVANOVICH,hbjov,
_41163G10_,HARCOURT GENERAL INC,,
_41229310_,HARDING LAWSON ASSCIATES INC,,
_41383L10_,HARRINGTON WEST FINANCIAL GROUP,,
_40412010_,HCA HOSP CORP OF AMER,,
_40390810_,HCIA INC,,
_40414810_,HDR POWER SYSTEMS INC,,
_42210110_,HEADWAY CORPORATE RESOURCES,,
_42219B10_,HEALTH MANAGEMENT DELAWARE,,
_42219T10_,HEALTHCARE AMERICA INC,hevest,
_42221H10_,HEALTHTRUST INC-THE HSPTL CO,,
_42327L30_,HELIOS AND MATHESON ANALYTIC,,
_42722L10_,HERITAGE FED BANCSHARES INC,,
_42726X10_,HERITAGE FINANCIAL GROUP  INC,,
_42833710_,HI-CRUSH PARTNERS LP,,
_42835810_,HI/FN INC,,
_42868110_,HICKAM DOW B. INC,,
_43103210_,HIGHLANDS INSURANCE GROUP INC,,
_43332310_,HINGHAM INSTN FOR SAVINGS,,
_43714C10_,HOME INTENSIVE CARE INC-FL,,
_43729210_,HOME OWNERS SAVINGS BANK MASSACHUSETTS,,
_43760610_,HOMESERVICES.COM INC,hmnsrv,
_G4618810_,HORIZON THERAPEUTICS PUB LTD,,
_44069910_,HORSEHEAD RESOURCE DEV INC,,
_44091410_,HOST MARRIOTT SERVICES CORP,,
_44147E10_,HOTELECOPY INC,,
_44179610_,HOUSECALL MEDICAL RES INC,,
_44320810_,HOWMET INTERNATIONAL INC,,
_44439810_,HUGHES COMMUNICATIONS INC,,
_44547410_,HUMPHREY INC,,
_44565810_,HUNT JB TRANSPRT SERVICES INC,,
_44568310_,HUNTER ENVIRONMENTAL SERVICE,,
_44864010_,HYDE PARK ACQUISITION CORP II,seexc,
_44917210_,HYSTER-YALE MATERIALS HNDLNG,,
_44973Q10_,I-MANY INC,,
_45069D20_,I-TRAX INC,,
_44923F10_,IBT BANCORP INC,stbanc,
_44931Q10_,ICC HOLDING INC,,
_44928710_,ICN BIOMEDICALS INC,icnbio,
_44930M50_,ICOP DIGITAL INC,,
_44953610_,IGEN INC,opgeni,
_45192210_,IMAGE GUIDED TECHNLGIES INC,,
_45291110_,IMAGINE FILMS ENMT INC,,
_44966910_,IMC GLOBAL INC,,
_45272T10_,IMPERIAL CR COML MORTGAGE INVESTMENT CO,,
_45272910_,IMPERIAL CREDIT INDUSTRIES INC,,
_45323310_,INACOMP COMPUTER CENTERS INC,compaq,
_45337010_,INCSTAR CORP,,
_45385820_,INDEPENDENT INSURNACE GROUP,,
_45578L10_,INDUS INTERNATIONAL INC,,
_45662610_,INFINITY BROADCASTING,,
_45662S10_,INFINITY BROADCASTING CORP,,
_45665Q10_,INFINITY PROPERTY AND CAS CORP,,
_45666T10_,INFONET SERVICES CORP,,
_45669P10_,INFORMATION ADVNTGE SOFTWARE,,
_45692310_,INFORMATION MANAGEMENT ASSOCIATION INC,,
_45686J10_,INFRASTRUCTR AND ENRGY ALT INC,,
_45769N10_,INNOVATIVE SOLTNS AND SUPP INC,,
_45767J10_,INNOVATIVE VALVE TECHNOLOGY INC,,
_45797110_,INPHYNET MED MANAGEMENT INC,,
_45810X10_,INTEGRATED BUSINESS SYSTEMS AND SERVICE,,
_45819B10_,INTEGRATED DEFENSE TECHNOLOGY INC,,
_45792310_,INTEGRATED MEASURMNT SYSTEMS INC,,
_45813K10_,INTEGRATED SYSTEMS CONSULTING GROUP ,,
_45795210_,INTEGRATED WASTE SERVICES INC,,
_45816D10_,INTELLIGENT SYSTEM CORP,,
_45840410_,INTERACTIVE BRAND DEV INC,,
_45840F10_,INTERACTIVE SYSTEMS WORLDWDE,,
_45845P10_,INTERCEPT PHARMA INC,,
_45844710_,INTERCHANGE FINANCIAL SERVICES CORP NEW JERSEY,,
_45853L10_,INTERCONTINENTAL BANK MIAMI FL,,
_45876310_,INTERLOGIX INC,ititec,
_45880110_,INTERMEDIA COMMUNICATION ICATNS INC,,
_45881610_,INTERMETRICS INC,haem,
_46005310_,INTERNATIONAL NETWORK SERVICES,inetsv,
_46037710_,INTERNATIONAL STEEL GROUP INC,westel,
_46047510_,INTERNATIONAL TELECHARGE INC,,
_46057T40_,INTERNET COMMUNICATIONS,amcoed,
_46060X10_,INTERNET SECURITY SYSTEMS,issgrp,
_46069S10_,INTERSIL CORP,intl,
_46072H10_,INTERSTATE BAKERIES CORP,,
_45950M10_,INTERNATIONAL FAMILY ENTERTAIN,,
_45968C10_,INTERNATIONAL IMAGING MATLS INC,,
_46026310_,INTERNATIONAL RESEARCH AND DEV CORP,,
_46031W20_,INTERNATIONAL SECURITIES EXCHNG HOLDINGS,,
_46047F10_,INTERNATIONAL TELECOMMUNICATION DATA SYSTEM INC,,
_46117210_,INTRAMED LABS INC,,
_46126810_,INVERNESS MEDICAL TECHNOLGY,,
_46145F10_,INVESTMENT TECHNOLOGY GROUP  INC,,
_46254010_,IOWA SOUTHERN INC,iutl,
_46247010_,IOWA ILLINOIS GAS AND ELEC,,
_44980K20_,IPC COMMUNICATIONS INC,blltch,
_45005230_,IRT CORP,ctico,
_44990610_,ISI SYSTEMS INC,,
_45031010_,ISS INTERNATIONAL SERVICE SYSTEM,,
_45071310_,IXC COMMUNICATIONS INC,lvltcm,
_47102X10_,JANUS CAPITAL GROUP INC,,
_47233W10_,JEFFERIES FINANCIAL GROUP INC,leuc,
_47614210_,JENNA LANE INC,,
_47742010_,JILLIANS ENTERTAINMENT CORP,,
_47758110_,JIMBOS JUMBOS INC,,
_46621C10_,JLK DIRECT DISTRIBUTOR INC,,
_48224510_,K AND G MENS CENTER INC,,
_48311910_,KALA PHARMECUTICAL INC,,
_48356210_,KAMENSTEIN M. INC,,
_48562410_,KAPSON SR QUARTERS CORP,,
_48611210_,KATZ MEDIA GROUP INC,mmedia,
_48619410_,KAUFMAN HW FINANCIAL GROUP,,
_48803510_,KELLSTROM INDUSTRIES INC,,
_48853910_,KENAN TRANSPORT CO,,
_49129210_,KENTUCKY FIRST FEDERAL BNCRP,,
_49135910_,KENTUCKY MED INSURANCE CO,,
_49262010_,KETCHUM AND CO,,
_49326R10_,KEY3MEDIA GROUP INC,,
_48247020_,KIT DIGITAL INC,,
_48258710_,KMW SYSTEMS CORP,,
_49885930_,KNICKERBOCKER L L INC,,
_49900510_,KNIGHT CAPITAL GROUP INC,,
_49904910_,KNIGHT SWIFT TRPTN HOLDINGS INC,,
_50105210_,KRONOS INC,lckhed,
_50132110_,KURZWEIL APPLIED INTEL INC,,
_50160010_,L AND B FINANCIAL INC,,
_50212A10_,L-1 IDENTITY SOLUTIONS INC,,
_50541510_,LABORATORY SPECIALISTS AMER,,
_50575Q10_,LADENBURG THALMANN FINANCIAL SERV,,
_50590220_,LAFAYETTE AMERN BANK AND TRUST,,
_51281010_,LAMA TONY CO,,
_51462810_,LANCIT MEDIA ENTERTAINMENT LTD,,
_51493610_,LANDAMERICA FINANCIAL GROUP ,,
_51505010_,LANDMARK BANCORP LA HABRA,,
_51506S10_,LANDMARK SYSTEM CORP,,
_51790650_,LASERGATE SYSTEM INC,,
_50182510_,LDI CORP,,
_52471Y10_,LEGACY TEX FINANCIAL GROUP INC,,
_52536910_,LEINER P NUTRITIONAL PRODUCTS,,
_52725110_,LETCHWORTH INDEPENDENT BNSHR,,
_52726010_,LETS TALK CELLULAR AND WIRELESS,,
_52901710_,LEXINGTON B AND L FINANCIAL CORP,,
_50200K10_,LF CAPITAL ACQUISITION CORP,,
_50191710_,LG&E ENERGY CORP,cnergy,
_53122988_,LIBERTY MEDIA BRAVES GROUP,,
_53071M50_,LIBERTY MEDIA ENTERTAINMENT,,
_53122985_,LIBERTY MEDIA FORMULA ONE,,
_53122960_,LIBERTY MEDIA SIRIUSXM GROUP,,
_53104120_,LIBERTY NATIONAL BANK HUNTINGTN CA,,
_53170410_,LIDA INC/DEL,lidain,
_53219F10_,LIFEMARK CORP,,
_53516010_,LINDAS DIVERSIFED HOLDINGS,,
_53521910_,LINDBLAD EXPEDITIONS HOLDINGS,capqii,
_54021110_,LODGENET INTERACTIVE CORP,,
_54140910_,LOGICON INC,,
_55024R10_,LUMERA CORP,,
_55026010_,LUMINANT WORLDWIDE CORP,,
_55055340_,LUTHER MEDICAL PRODCTS,,
_55207810_,LYONDELL CHEMICAL CO,,
_55405Y10_,MA COM TECHNOLOGY SOLUTIONS,,
_55916430_,MAGIC RESTAURANTS INC,,
_55972X10_,MAGNUM SPORTS AND ENTERTAINMENT INC,,
_56031010_,MAIL BOXES ETC,,
_56087810_,MAKO MARINE INTERNATIONL INC,,
_56118210_,MALIBU ENTERTAINMENT WORLDWIDE INC,,
_56239810_,MANCHESTER TECHNOLOGIES INC,maneq,
_56585W40_,MARATHON PATENT GROUP INC,,
_56613910_,MARCADE GROUP INC,,
_56624410_,MARCHFIRST INC,,
_56791210_,MARINE TRANSPORT CORP,yngmng,
_57036310_,MARITRANS INC,,
_57055910_,MARKET FACTS INC,,
_57115710_,MARLIN BUSINESS SERVICES INC,,
_57149010_,MARQUETTE MEDICAL SYS,,
_57165B10_,MARRONE BIO INNOVTIONS,,
_57308310_,MARTHA STEWART LIVING OMNIMD,,
_57406110_,MARYLAND FED BANCORP INC,,
_57634610_,MASTER GRAPHICS INC,,
_57637H10_,MASTERCRAFT BOAT HLDNGS IN,,
_57946810_,MCCAW CELLULAR COMMUNICATION,mcicom,
_58392110_,MED WASTE INC,wsteus,
_58405910_,MEDCO RESEARCH INC,,
_58439W10_,MEDIA AND ENTERTAINMENT HOLDINGS,mcandf,
_58440J10_,MEDIAONE GROUP INC,,
_58458C10_,MEDICAL INNOVATIONS INC,,
_58461A10_,MEDICAL MANAGEMENT INC,fpamed,
_58461H20_,MEDICAL MANAGEMENT OF AMER,,
_58463F10_,MEDICAL STAFFNG NTWRK HOLDINGS,,
_58469030_,MEDICIS PHARMACEUT CORP,,
_58496010_,MEDISENSE INC,,
_58504H10_,MEDOVEX CORP,,
_58513U10_,MEET GROUP INC (THE),qpacom,
_58518F10_,MEGALITH FNCL ACQUISITIONS CORP,,
_58606R40_,MEMORY PHARMA CORP,,
_58916710_,MERCHANTS N Y BANCORP INC,,
_58937810_,MERCURY SYSTEMS INC,mrcry,
_58958U10_,MERIDIAN BANCORP INC (MD),mdnitb,
_58960110_,MERIDIAN DATA INC,,
_59045L10_,MERSANA THRPEUTIC INC,,
_59133P10_,METAMOR WORLDWIDE INC,,
_59163F20_,METRO ONE TELECOMMUNICATION INC,,
_59175310_,METROPOLITAN BANCORP,,
_59177410_,METROPOLITAN BANK HLDNG,,
_59214210_,METROPOLITAN HLTH NTWRKS INC,,
_59479Q10_,MICRO COMPONENT TECH,,
_59493910_,MICROTEK MED INC,,
_59517M10_,MICROWAVE  POWER  DEVICES INC DELAWARE,,
_59564710_,MIDCONN BANK KENSINGTON CONNECTICUT,,
_59741310_,MIDISOFT CORP,mcrost,
_60039Q10_,MILLENNIUM INVESTMENT AND ACQUISITION CO INC,,
_60400P10_,MINNESOTA EDL COMPUTING CORP,,
_60431210_,MINOLTA-QMS INC,knshrk,
_60456510_,MIPS COMPUTER SYSTEMS INC,sunmic,
_60685010_,MITY ENTERPRISES INC,,
_60689B10_,MMODAL INC,cbabvi,
_60741910_,MOBLEY ENVIRNMTL SERVICES,,
_60765P10_,MODERN MEDIA ACQUISITION CORP,,
_60852M10_,MOLECULAR INSIGHT PHARMACTLS,,
_60877P10_,MOMENTUM BUSINESS APPS INC,,
_60878010_,MOMENTUM CORP,,
_60902310_,MONARCH CAPITAL CORP MASSACHUSETTS,,
_60891010_,MONEYGRAM PAYMENT SYSTEMS INC,fdatc,
_61688010_,MORGAN J P AND CO,,
_61844710_,MORRISON KNUDSEN CORP OLD,,
_61982110_,MOTO PHOTO INC,,
_62459810_,MOVIEFONE INC,movfon,
_62468710_,MOXHAM BANK CORP,,
_55376910_,MTR GAMING GROUP INC,,
_62541M10_,MULTI LINK TELECOM,,
_62541B10_,MULTI-FINELINE  ELECTRIC ON INC,,
_62543210_,MULTI-MKT RADIO INC,,
_62835510_,MUTUAL SAVINGS BANK FSB BAY CITY,,
_62877810_,N B T BANCORP INC,,
_62985310_,NALCO CHEMICAL CO,,
_63040210_,NAPCO SECURITY TECHNOLOGY INC,,
_63110310_,NASDAQ INC,nasdaq,
_63245Q10_,NATIONAL AMERN UNIV HOLDING INC,,
_63258710_,NATIONAL BANCORP ALASKA INC,,
_63486510_,NATIONAL BANKSHARES INC VA,amnabk,
_63551910_,NATIONAL COMPUTER SYSTEMS INC,,
_63564610_,NATIONAL DISC BROKERS INC,,
_63607P20_,NATIONAL FINANCIAL PRTNRS CORP,,
_63633210_,NATIONAL HEALTH ENHANCE SYS,,
_63734020_,NATIONAL RE CORP,,
_63804410_,NATIONAL SURGERY CENTRE S,,
_63888U10_,NATURAL GROCERS VITAMIN COTTAGE,,
_63902E10_,NATURE VISION INC,,
_63936L10_,NAVTEQ CORP,,
_62886E10_,NCR CORP,,
_64065P10_,NEOWARE INC,,
_64108110_,NETCOM ON LINE COMMUNICATION SERVICES,,
_64121K10_,NETWORK LONG DISTANCE INC,,
_64124W30_,NEUROBIOLOGICAL TECHN INC,,
_64129T20_,NEUROTROPE INC,,
_64124610_,NEUTROGENA CORP,,
_64188110_,NEW AMERICA HEALTHCARE CORP,,
_64389010_,NEW ENG COMMUNITY BANCORP,,
_64400110_,NEW ENGLAND  ELECTRIC IC SYSTEM,,
_64846820_,NEW RIVER PHARMA INC,,
_64927A10_,NEW WORLD COMMUNICATION GROUP,,
_65249B10_,NEWS CORP,,
_65343C10_,NEXTGEN HEALTHCARE INC,qsii,
_62913E10_,NHP INC,,
_62894310_,NHS FINANCIAL INC,,
_65686Y10_,NORTH AMERICA GALV AND COATINGS,,
_65687M10_,NORTH AMERICAN INSURANCE LDS,,
_66248810_,NORTH SIDE SAVINGS BANK BRONX N Y,,
_66405S10_,NORTHEAST BANK,bthcor,
_66390510_,NORTHEAST PA FINANCIAL CORP,,
_66511210_,NORTHERN EMPIRE BANCSHARE,,
_66661010_,NORTHPOINT COMMUNICATIONS GROUP ,,
_66765N10_,NORTHWEST NATURAL HLDNG CO,,
_66978410_,NOVA CORP GEORGIA,,
_62943B10_,NTS INC,xfonei,
_67052T20_,NUMED HOME HEALTH CARE INC,,
_67060810_,NUTMEG FED SAVINGS AND LN ASSN CONNECTICUT,,
_67061A30_,NUTRAMAX PRODUCTS INC,,
_67091K30_,NUVERRA ENVIRONMENTAL SOLUTN,,
_67409820_,OAKWOOD HOMES CORP,,
_67442410_,OBJECTIVE SYSTEMS INTEGRATRS INC,,
_67461710_,OCCUPATIONAL HLTH AND REHAB INC,,
_67462110_,OCCUPATIONAL URGENT CARE HEA,,
_67486430_,OCEAN OPTIQUE DISTRIBUTORS,,
_67575J10_,ODD JOB STORES INC,,
_67083K10_,OESI POWER CORPORATION,,
_68066520_,OLIN CORP,,
_67087210_,OM GROUP INC,,
_68272J10_,ONESOURCE INFORMATION SERVICES,,
_68273D10_,ONLINETRADINGINC.COM INC,,
_68337210_,ONTRACK DATA INTERNATIONAL INC,ondain,
_67109R10_,OP BANCORP,naraba,
_68375510_,OPINION RESEARCH CORP,,
_68402920_,ORALABS HOLDING CORP,,
_68508010_,ORANGE NATIONAL BANCORP,,
_68556E10_,ORBIT SEMICONDUCTOR INC,,
_68569110_,ORCHARD SUPPLY HARDWARE STRS,,
_68617P30_,ORGANIK TECHNOLOGIES INC,,
_68628K10_,ORION NETWORK SYSTEMS INC,ornsat,
_67104A10_,OSI RESTAURANT PARTNERS INC,,
_69005710_,OUTDOOR SYSTEMS INC,,
_69402620_,PACIFIC BANK N A SAN FRANCISCO,,
_69492610_,PACIFIC REHAB AND SPORTS MED,,
_69493210_,PACIFIC RESEARCH AND ENGR CORP,,
_69507210_,PACIFIC WESTERN BANCSHARES,,
_69514810_,PACKAGED ICE INC,,
_69517220_,PACKARD BIOSCIENCE INC,,
_69525710_,PACTIV CORP,,
_69562910_,PAINE WEBBER GROUP,,
_69830110_,PANATECH RESEARCH AND DEV CORP,,
_69833F10_,PANDA PROJECT INC,,
_69889110_,PARACELSUS HEALTHCARE CORP,sunhlc,
_69937430_,PARATEK PHARMACEUTCLS INC,,
_69955610_,PARIS CORP,,
_70212G10_,PARTICLE DRILLING TECHNOLOGY INC,,
_70212520_,PARTNERS OIL CO,,
_70336F20_,PATRIOT NATIONAL BANCORP INC,,
_70438410_,PAYMENTECH INC,,
_70468310_,PEAK TECHNOLOGIES GROUP,,
_70469910_,PEAPACK-GLADSTONE FINAN CORP,,
_70510710_,PEC SOLUTIONS INC,,
_70532310_,PEDIATRIC SERVICES AMERICA INC,,
_70738930_,PENN ENGR AND MFG CORP,,
_70932310_,PENNZOIL-QUAKER STATE CO,,
_71057710_,PEOPLES BANCORP NC INC,,
_71031310_,PEOPLES BANK CORP INDIANAPOLIS,,
_71086E10_,PEOPLES COMMUNITY BANCORP INC,,
_71230010_,PEOPLES SAVINGS FINANCIAL CORP CONNECTICUT,,
_71372710_,PERFECTDATA CORP,,
_71584310_,PET PRODUCTS INC,asppet,
_71601620_,PETCO ANIMAL SUPPLIES INC,,
_71637810_,PETES BREWING CO,,
_71654J10_,PETROLANE INC,,
_71660030_,PETROLEUM HEAT AND POWER,,
_71672310_,PETROLITE CORP,,
_71712310_,PHARMACEUTICAL MARKETING SERVICE,,
_71712410_,PHARMACEUTICAL PRODUCTDEV INC,,
_71819310_,PHILIP SERVICES CORP,,
_71948P10_,PHUNWARE INC,emweop,
_71940F10_,PHYCOR INC,,
_71940K10_,PHYSICIAN COMPUTER NETWK INC,,
_71940P10_,PHYSICIAN CORP AMERICA DELAWARE,,
_71940R10_,PHYSICIANS CLINICAL LAB INC,,
_71893410_,PHYSICIANS SPECIALTY CORP,,
_71956710_,PICCADILLY CAFETERIAS INC,,
_72072210_,PIERCE LEAHY CORP,,
_72344310_,PINNACLE AIRLINES CORP,conair,
_72344910_,PINNACLE BANC GROUP INC,,
_72368610_,PIONEER HI-BRED INTERNATIONL,,
_72407810_,PIPER JAFFRAY COS,,
_72450810_,PITT-DES MOINES INC,,
_72570188_,PITTSTON CO-BAX GROUP,,
_72570120_,PITTSTON CO-MINERALS GROUP,,
_72581110_,PIXAR,,
_72585Q10_,PJ AMERICA INC,,
_72701P10_,PLAN VISTA CORP,,
_72705820_,PLANETOUT INC,,
_72754010_,PLASTI-LINE INC,,
_72941610_,PLY-GEM INDUSTRIES,,
_69341920_,PMA CAPITAL CORP,,
_73278L10_,POOL CORP,,
_73703110_,PORTSMOUTH BANK SHS INC,,
_69353C10_,PRA INTERNATIONAL,,
_73973210_,PRATT & LAMBERT UNITED INC,pram,
_74044510_,PREISS BYRON MULTIMEDIA,,
_74090010_,PREMIER BANCORP,prstgb,
_74046J10_,PREMIER BANCORP INC/PA,prstgb,
_74050610_,PREMIER FINANCIAL SERVICES,,
_74090620_,PREMIERE RADIO NETWKS,,
_74060C10_,PREMIUM STANDARD FARMS INC,,
_74006510_,PREPAID LEGAL SERVICES INC,,
_74100420_,PRESIDENTIAL RLTY NEW,,
_74144010_,PRICE CO,,
_74154Q10_,PRIMARY BANK PETERBOROUGH NH,,
_74312H10_,PROFESSIONAL DENTAL TECHNOLOGY INC,,
_74312Y20_,PROFESSIONAL DIVERSITY NETWK,,
_74293910_,PROFESSIONAL SPORTS CARE MGM,,
_74296310_,PROFESSIONAL TRANSN GROUP INC,,
_74318710_,PROGENICS PHARMACEUTICAL INC,,
_74371R10_,PROTOCOL SYSTEMS INC,,
_74386S10_,PROVIDENT COMMUNICATION BANCSHARES INC,,
_74406110_,PROVIDIAN CORP,,
_74406A10_,PROVIDIAN FINANCIAL CORP,,
_74397710_,PROVINCE HEALTHCARE CO,dure,
_74429030_,PROXYMED INC,,
_69360810_,PSB HOLDINGS CORP,,
_69370C10_,PTC INC,,
_74457310_,PUBLIC SERVICE ENTRP GROUP INC,,
_74591310_,PULSEPOINT COMMUNICATIONS CORP,,
_74621Q10_,PURE ACQUISITION CORP,,
_74621710_,PURE ATRIA CORP,,
_74727M30_,Q COMMUNICATION INTERNATIONAL INC,,
_74741010_,QUAKER STATE CORP,,
_74790630_,QUANTUM CORP HDDG,,
_74765E30_,QUANTUM FUEL SYSTEMS TECHNOLOGY WORLDW,,
_74835F10_,QUEST EDUCATION CORP,,
_74837610_,QUICK AND REILLY GROUP INC,merly,
_74875T10_,QUINTANA ENERGY SERVICE INC,,
_74913K10_,QUOVADX INC,,
_74912E10_,R AND B FALCON CORP,orcle,
_75031010_,RADIATION SYSTEMS INC,rasys,
_75062610_,RAGAN BRAD INC,,
_75120310_,RALLYS HAMBURGERS INC,,
_75127730_,RALSTON PURINA CO,,
_75126210_,RALSTON-CONTL BAKING GROUP,,
_75449820_,RAWSON KOENIG INC,,
_74934Q10_,RCI HOSPITALITY HOLDINGS INC,ricabt,
_74936120_,RCN CORP,,
_75704L10_,RED VIOLET INC - SPN,,
_75903M30_,REGIONAL HEALTH PROPERTS INC,,
_75966110_,RENAISSANCE COMMUNICATION ICATNS CORP,,
_75967110_,RENAL TREATMENT CENTRE S INC,,
_76009V10_,RENTAL SERVICE CORP,,
_76039110_,REPUBLIC ENGNRD STEELS INC,,
_76126920_,RESURGENS COMMUNICATIONS GROUP ,,
_76129C30_,RETIREMENT CARE ASSOCIATION INC,,
_76155G20_,REVOLUTION LIGHTING TECHNLGS,,
_76176310_,REYNOLDS METALS CO,,
_74967X10_,RH,reshar,
_76330210_,RICHEY  ELECTRIC S INC,,
_76657T10_,RIGHTCHOICE MGD CARE,,
_76932010_,RIVERSTONE NETWORKS INC,nortel,
_76973Q20_,ROADRUNNER TRANS SYSTEMS INC,,
_78008110_,ROYAL BANCSHARES PENNSYLVANIA,,
_78377T10_,RYMAN HOSPITALITY PROPERTY S INC,,
_78409V10_,S&P GLOBAL INC,mcgrwh,
_78590510_,SABRE HOLDINGS CORP,,
_78661010_,SAGA SYSTEMS INC,,
_78669310_,SAGENT TECHNOLOGY INC,,
_78781P10_,SAILPOINT TECHNO HOLDING,,
_79469020_,SALICK HEALTH CARE INC,,
_79575710_,SALTON INC,ncnbco,
_79970Y10_,SANCHEZ ENERGY CORP,chspke,
_80029610_,SANDY CORPORATION,,
_80236010_,SANTA MONICA BANK CALIF,,
_80343610_,SARATOGA BEVERAGE GROUP ,,
_80546810_,SAWTEK INC,,
_80660510_,SCHERING-PLOUGH,,
_80706P10_,SCHOLAR ROCK HOLDNG CRP,,
_80879610_,SCIENTIFIC SOFTWARE INTERCMP,,
_81236210_,SEARS HOMETOWN AND OUTLET STR,,
_81376430_,SECURITY ASSOCIATION INTERNATIONAL INC,,
_81484710_,SECURITY PA FINANCIAL CORP,,
_81721A10_,SENIOR TOUR PLAYERS DEVL INC,,
_81727U10_,SENSEONICS HOLDINGS INC,asntcz,
_81731510_,SEPRACOR INC,,
_81756710_,SERVICE EXPERTS INC,,
_81765M10_,SERVIDYNE INC,,
_81890510_,SHARED TECHNOLOGY FAIRCHILD INC,,
_82280910_,SHELLS SEAFOOD RESTRNTS INC,,
_82312B10_,SHENANDOAH TELE COMMUNICATION CO,,
_82622H10_,SIENNA BIOPHARMACEUTICAL,,
_82632310_,SIERRA HOME SERVICE COS INC,,
_82640910_,SIERRA ON-LINE INC,sonli,
_82691210_,SIGCORP INC,,
_82663110_,SIGNAL CORP,fedsc,
_82835910_,SILVERCREST ASSET MGT,,
_82873510_,SIMMONS OUTDOOR CORP,,
_82881310_,SIMON TRNSPT SERVICES INC,,
_82900L10_,SIMPLY GOOD FOODS COMPANY,cknypp,
_83014010_,SIZZLER RESTAURANTS INTERNATIONAL INC,sizz,
_83172F20_,SMARTHEAT INC,,
_83175810_,SMITH AND WOLLENSKY RSTRNT GROUP,,
_83186520_,SMITH A.O.,smthiv,
_83238810_,SMITHS FOOD AND DRUG,smfods,
_83269640_,SMUCKER JM CO,,
_83377710_,SODAK GAMING INC,sodgam,
_83379310_,SODEXHO MARRIOTT SERVICES INC,sdhmrt,
_83400510_,SOFAMOR DANEK GROUP INC,dnkgrp,
_83404420_,SOFTWARE TOOLWORKS INC,,
_83418M10_,SOLARIS OILFIELD IF INC,,
_8342EP10_,SOLITARIO EXPLORATION AND RLTY,,
_83506120_,SOMERSET SAVINGS BANK NEW SOMERVI,,
_83539710_,SOMNUS MED TECHNOLOGIES INC,,
_83543840_,SONESTA INTERNATIONAL HOTELS,,
_83616710_,SOURCECORP INC,,
_83784110_,SOUTH FINANCIAL GROUP INC,,
_84264A10_,SOUTHERN CONN BANCORP INC,,
_84287310_,SOUTHERN FIRST BANKSHARES,,
_84338010_,SOUTHERN MISSOURI BANCP INC,,
_84339510_,SOUTHERN NATIONAL BANCORP VA,,
_84348510_,SOUTHERN NEW ENG TELECOMMUNICATION,,
_84357610_,SOUTHERN PACIFIC FNDG CORP,,
_84380510_,SOUTHERN SECURITY LIFE INS,,
_84383510_,SOUTHERN STARR BROADCASTG GROUP ,,
_84545410_,SOUTHWESTERN ELEC SERVICE,,
_84624710_,SPACELABS MEDICAL INC,spaclb,
_84721510_,SPARTANNASH CO,spast,
_84748720_,SPECIALTY CHEM RES,,
_84749720_,SPECIALTY EQUIPMENT COS INC,,
_84751T30_,SPECIALTY UNDERWRITERS,spunal,
_84760710_,SPECTRAVISION INC,,
_84790A10_,SPECTRUM BRND HOLDING INC,,
_84780710_,SPELLING ENTERTNMT GROUP INC,,
_84857L10_,SPIRE INC,lg,
_84941620_,SPRECKELS INDUSTRIES,,
_84861D10_,SPRT OF TXS BNCSR INC,,
_78464R10_,SRA INTERNATIONAL INC,,
_85338610_,STANDARD FEDL BANCORP INC,,
_85569E10_,STARTEC GLOBAL COMMUNICATION ICTNS,,
_85590A40_,STARWOOD HOTELS AND RESORTS WRLD,,
_85571Q10_,STARZ,,
_85915P10_,STERILE CONCEPTS HOLDING INC,,
_86024C20_,STEVENS INTERNATIONAL INC COM,,
_83689P10_,SOUTH CAROLINA COMMUNITY BNCSHRS,,
_86192310_,STONELEIGH PARTNERS ACQUISITION,,
_86277010_,STRATEGIC PLANNING,,
_86279T10_,STRATEX NETWORKS INC,dgmas,
_86315510_,STRATUS COMPUTER INC,,
_86320010_,STRAWBRDGE AND CLOTHIER,,
_86331410_,STRIDE RITE CORP,,
_87150210_,STS LIQUIDATING CORP,,
_86426110_,SUAVE SHOE CORP,,
_86431310_,SUBMICRON SYSTEMS CORP,,
_86432510_,SUBSTANCE ABUSE TECH,,
_86444410_,SUBURBAN LODGES AMERICA INC,subldg,
_86509110_,SULCUS HOSPITALITY TECHNOLOGY CORP,,
_86559310_,SUMITOMO BANK OF CALIFORNIA,,
_86600T10_,SUMMIT AMERICA TELEVISON INC,,
_86605610_,SUMMIT FAMILY RESTAURNTS INC,,
_86666510_,SUN CITY INDUSTRIES,,
_86691010_,SUNCOAST SAVINGS AND LN ASSN FSA,sncs,
_86732Y10_,SUNEDISON INC,memcem,
_86768J10_,SUNRISE ENERGY SERVICES INC,,
_86794810_,SUNSOURCE INC,,
_86816110_,SUPERIOR FINANCIAL CORP DE,,
_86822410_,SUPERIOR NATIONAL INSURANCE GROUP INC,supnic,
_86837X10_,SUPERIOR WELL SERVICES INC,,
_86844710_,SUPERMEDIA INC,,
_86859210_,SUPRADUR COS INC,,
_87151H10_,SYMBOLLON PHARMA INC,,
_87156R10_,SYNAPTIC PHARMACEUTICAL CORP,,
_87166B10_,SYNEOS HEALTH INC,incrsh,
_87162G10_,SYNOVIS LIFE TECHNOLOGY INC,,
_87162E10_,SYNTHETECH INC,,
_78507010_,SYS,,
_87190010_,SYSTEM INDUSTRIES INC,,
_87183920_,SYSTEM SOFTWARE ASSOCIATION INC,,
_87405410_,TAKE-TWO INTERACTIVE SFTWR,,
_87408310_,TAL INTERNATIONAL GROUP INC,,
_87422710_,TALECRIS BIOTHERAPEUTCS HOLDING,,
_87469610_,TALLGRASS ENERGY GROUP LP,,
_87538610_,TANDYCRAFTS INC,,
_87592410_,TANGRAM ENTP SOLUTIONS,,
_87662860_,TATHAM OFFSHORE INC,,
_87217310_,TBA ENTERTAINMENT CORP,,
_87233R10_,TCSI CORP,,
_87235A10_,TD BANKNORTH INC,,
_87872R10_,TECHNOLOGY MODELING ASSOCIATION,,
_87907510_,TEJAS GAS CORP/DE,ttgas,
_87924V10_,TELE COMMUNICATION TCI GROUP,,
_87924H10_,TELE  COMMUNICATION INTERNATIONAL INC,loopte,
_87925R10_,TELEBANC FINANCIAL CORP,,
_87926F10_,TELEBIT CORP,,
_87943M30_,TELEMUNDO GROUP INC,bljo,
_87960N10_,TELIOS PHARMACEUTICALS INC,matpha,
_88033R50_,TENGASCO INC,,
_88078L10_,TERCICA INC,,
_88180110_,TEXARKANA FIRST FINANCIAL CORP,,
_88267310_,TEXAS REGL BCSHS INC,,
_88337610_,THERAPEUTIC DISC CORP,,
_88343530_,THERMADYNE HOLDINGS CORP,,
_88349210_,THERMAL INDUSTRIES INC,,
_88633P30_,TICKETMASTER ENTERTNMNT INC,,
_87246420_,TIE COMMUNICATIONS INC,,
_88826610_,TITAN CORP,,
_88844810_,TITLE WAVE STORES INC,,
_87255510_,TLII LIQUIDATING CORP,,
_88889P10_,TODAY'S BANCORP INC,,
_89150910_,TOTAL PHARMACEUT CARE,,
_89234920_,TRACOR INC,trcnda,
_89288710_,TRAK AUTO CORP,cskaut,
_89341410_,TRANSACTION NETWORK SERVICES INC,tritnt,
_89351V10_,TRANSAMERICAN WASTE INDUSTRIES INC,,
_89376N10_,TRANSMERIDIAN EXPL INC,,
_89387810_,TRANSPORTATION COMPONENT INC,,
_89491710_,TRENDWEST RESORTS INC,,
_89589P10_,TRIATHLON BROADCST CO,,
_89615T10_,TRIDENT ACQUISITIONUISTNS CORP,,
_89677G10_,TRIPLECROWN ACQUISITION CORP,,
_89692810_,TRIPOS INC,,
_89688210_,TRIZETTO GROUP INC,,
_87307110_,TV FILME INC,,
_90332B20_,U S AUTOMOTIVE MFG INC,,
_91184320_,U S FILTER CORP,,
_90331R10_,U S FOODSERVICE INC,,
_91233F10_,U S PAGING CORP,,
_91260510_,U S SHOE CORP,,
_91270710_,U S SURGICAL CORP,,
_91278780_,U S TRANSPORTATION SYS,,
_90264610_,UDC HOMES INC  LP,,
_90351210_,UGLY DUCKLING CORP,,
_90274810_,UIL HOLDINGS CORP,,
_90429710_,UNCLE B'S BAKERY INC,,
_90443810_,UNDERWRITERS FINANCIAL GROUP ,,
_90607210_,UNION CORP,bone,
_90857310_,UNION SWITCH AND SIGNAL INC,,
_90864010_,UNION TEXAS PETRO HOLDINGS INC,,
_90919610_,UNISON HEALTHCARE CORP,sunhea,
_90919P10_,UNISON SOFTWARE INC,tolsy,
_90940510_,UNITED ARTISTS ENT,,
_90983910_,UNITED COMMUNICATION COMMUNITY FINANCIAL CORP,,
_91018B10_,UNITED DEFENSE INDUSTRIES,,
_91018H10_,UNITED DENTAL CARE INC DELAWARE,,
_91030330_,UNITED FINANCIAL MORTGAGE CORP,,
_91085810_,UNITED MERCHANTS AND MFRS,,
_91319010_,UNITED WATER RESOURCES,,
_91335310_,UNIVAR CORP,,
_91338E10_,UNIVERSAL AMERICAN CORP,univhc,
_91343110_,UNIVERSAL COMPRESSION HOLDINGS,hanovc,
_91388P10_,UNIVERSAL LOGISTICS HOLDINGS,seexc,
_91377M10_,UNIVERSAL OUTDOOR HOLDINGS INC,,
_91382810_,UNIVERSAL SEISMIC ASSOCIATION INC,,
_91383910_,UNIVERSAL STD HEALTHCARE INC,,
_91381U10_,UNTY BIOTCHNLGY INC,,
_91383710_,UNVL STAINLESS AND ALLOY PRODUCTS,,
_90296610_,US RENTALS INC,,
_91253410_,US SATELLITE BROADCST,,
_90338N20_,US EXPRESS ENTERPRISES INC,,
_90329B10_,USA MOBILE COMMUNICATION HOLDINGS,,
_90336610_,USMX INC,,
_91027210_,UTD FED SAVINGS BANK ROCKY MT NC,,
_91131910_,UTD PAYORS AND UTD PROVIDERS INC,,
_91854210_,VACATION BREAK USA INC,,
_91915Q10_,VALICERT INC,,
_91929R10_,VALLEY BANCORP,mdscmb,
_91961810_,VALLEY FED SAVINGS BANK SHEFFIELD,,
_91972010_,VALLEY INDUSTRIES,,
_92000310_,VALLEY NATIONAL CORP ARIZONA,,
_92025510_,VALOR COMMUNICATIONS GROUP,,
_92202210_,VANGUARD CELLULAR SYS,,
_92220710_,VARIAN SEMICONDUCTOR EQUIPMT,,
_92238310_,VAUGHNS COMMUNICATIONS INC,,
_92321410_,VENTURA CNTY NATIONAL BANCORP,,
_92326Q10_,VENTURE CATALYST INC UTAH,,
_92335110_,VERAMARK TECHNOLOGIES INC,usaent,
_92424010_,VERMONT RESEARCH INC,,
_92511610_,VERSA TECHNOLOGIES INC,vsat,
_92545410_,VESTAR INC,,
_92552T10_,VIAGENE INC,vignet,
_92624D10_,VICTORIA CREATIONS INC,,
_92645B10_,VICTORY CORPTL HOLDINGS INC,,
_92656X10_,VIDEO SENTRY CORP,,
_92705110_,VILLAGE BANCORP INC,indvil,
_92778Q10_,VIRGINIA COMMUNICATION BANCORP INC,,
_92828Q10_,VIRTUS INVESTMENT PTNRS INC,,
_92831E10_,VISIONICS CORP,,
_92839P10_,VISTANA INC,,
_92846E10_,VITALINK PHARMACY SERVICES INC,vtlnk,vtlnk
_92850310_,VITRONICS CORP,,
_92853810_,VIVID TECHNOLOGIES INC,,
_92855210_,VIXEL CORP,,
_91827610_,VMX INC,,
_92861510_,VOICESTREAM WIRELESS CORP,,
_92870310_,VOLT INFO SCIENCES INC,,
_91843510_,VWR SCIENTIFIC PRODUCTS CORP,,
_92896110_,VYSIS INC,,
_92979410_,WACKENHUT CORP,,
_93056920_,WAHLCO ENVIRONMENTAL SYSTEMS,,
_93313210_,WALSHIRE ASSURN CO,,
_93369210_,WANDEL AND GOLTERMANN TECHS,,
_93369N10_,WANG LABS INC,wangc,
_93881510_,WASHINGTON ENERGY CO,,
_93886410_,WASHINGTON HOMES INC,,
_94061010_,WASHINGTON TR BANCORP INC,,
_94113U10_,WATER PIK TECHNOLOGIES INC,tldtch,
_94154710_,WATERHOUSE INVESTORS SERVICES,usebsa,
_94248610_,WATKINS-JOHNSON,,
_94352Q10_,WAVE TECHNOLOGIES INTERNATIONAL INC,,
_92923J10_,WCI STEEL INC,,
_94768410_,WEBSENSE INC,,
_94769210_,WEBSTER CITY FED BANCORP,,
_94973H10_,WELLPOINT HEALTH NETWRKS INC,,
_95058J10_,WENDT BRISTOL HEALTH SERVICE CORP,,
_95235520_,WEST CORP,,
_95752F10_,WESTCOTT COMMUNICATIONS,,
_95768310_,WESTERN BANCORP,fstdes,
_95771010_,WESTERN BANK COOS BAY OR,,
_95889210_,WESTERN NEW ENG BANCORP INC,,
_96113710_,WESTON ROY F,,
_96169B10_,WESTWAY GROUP INC,,
_96174820_,WESTWOOD CORP,,
_96208T10_,WEX INC,wrtexp,
_92925310_,WICOR INC,,
_96812T10_,WILDHORSE RES DVLPT,,
_96822320_,WILEY JOHN AND SONS,,
_97142610_,WILMAR INDUSTRIES INC,waxm,
_97476P20_,WINNER MEDICAL GROUP INC,,
_97652310_,WIRELESS CABLE ATLANTA INC,,
_97659210_,WISCONSIN CENTRAL TRANSPORTN,,
_97772510_,WOLF HOWARD B INC,,
_97815W10_,WOMENS GOLF UNLIMITED INC,,
_98412X10_,XIONICS DOCUMENT TECHNOLOGIES,,
_98413810_,XTRA CORP,,
_98475Y10_,YANGTZE RIVER PORT AND LOGISTIC LTD,,
_98887G10_,ZAIS GROUP HOLDINGS INC,htwofm,
_98912M20_,ZAP,,
_98891010_,ZEMEX CDA CORP,,
_98982210_,ZURICH REINS CENTRE HOLDINGS,,
